timestamp,recommendation
2025-11-17T13:06:38.617447,1
2025-11-17T13:07:20.796986,1
2025-11-17T13:10:40.841273,GPU Efficient — Continue GPU Usage
2025-11-17T13:20:36.679579,GPU Efficient — Continue GPU Usage
2025-11-17T13:20:38.505923,GPU Efficient — Continue GPU Usage
2025-11-17T13:23:56.197730,GPU Efficient — Continue GPU Usage
2025-11-17T13:23:57.317673,GPU Efficient — Continue GPU Usage
2025-11-17T13:24:32.312104,GPU Efficient — Continue GPU Usage
2025-11-17T13:24:33.642623,GPU Efficient — Continue GPU Usage
2025-11-17T13:25:05.523025,GPU Efficient — Continue GPU Usage
2025-11-17T13:25:06.731992,GPU Efficient — Continue GPU Usage
2025-11-17T13:28:52.636011,GPU Efficient — Continue GPU Usage
2025-11-17T13:28:52.742534,GPU Efficient — Continue GPU Usage
